symbol,onboard_date,onboard_year,delist_date,window_start,window_end,matured_30d_window,delisted_within_30d,expected_kline_days,expected_funding_months,kline_days_found,funding_months_found,kline_30d_complete,funding_window_complete,archive_window_available,missing_kline_days,missing_funding_months
DUSKUSDT,2022-01-06,2022,,2022-01-06,2022-02-04,True,False,30,2,29,2,False,True,False,2022-01-06,
FLOWUSDT,2022-02-09,2022,,2022-02-09,2022-03-10,True,False,30,2,29,2,False,True,False,2022-02-09,
IMXUSDT,2022-02-10,2022,,2022-02-10,2022-03-11,True,False,30,2,29,2,False,True,False,2022-02-10,
API3USDT,2022-02-21,2022,,2022-02-21,2022-03-22,True,False,30,2,29,2,False,True,False,2022-02-21,
GMTUSDT,2022-03-14,2022,,2022-03-14,2022-04-12,True,False,30,2,29,2,False,True,False,2022-03-14,
APEUSDT,2022-03-17,2022,,2022-03-17,2022-04-15,True,False,30,2,30,2,True,True,True,,
WOOUSDT,2022-04-07,2022,,2022-04-07,2022-05-06,True,False,30,2,29,2,False,True,False,2022-04-07,
FTTUSDT,2022-04-14,2022,2022-11-14,2022-04-14,2022-05-13,True,False,30,2,29,2,False,True,False,2022-04-14,
JASMYUSDT,2022-04-19,2022,,2022-04-19,2022-05-18,True,False,30,2,29,2,False,True,False,2022-04-19,
DARUSDT,2022-04-28,2022,2024-12-26,2022-04-28,2022-05-27,True,False,30,2,29,2,False,True,False,2022-04-28,
OPUSDT,2022-06-01,2022,,2022-06-01,2022-06-30,True,False,30,1,30,1,True,True,True,,
INJUSDT,2022-08-16,2022,,2022-08-16,2022-09-14,True,False,30,2,29,2,False,True,False,2022-08-16,
STGUSDT,2022-08-24,2022,,2022-08-24,2022-09-22,True,False,30,2,29,2,False,True,False,2022-08-24,
SPELLUSDT,2022-09-05,2022,,2022-09-05,2022-10-04,True,False,30,2,29,2,False,True,False,2022-09-05,
1000LUNCUSDT,2022-09-08,2022,,2022-09-08,2022-10-07,True,False,30,2,29,2,False,True,False,2022-09-08,
LUNA2USDT,2022-09-09,2022,,2022-09-09,2022-10-08,True,False,30,2,29,2,False,True,False,2022-09-09,
LDOUSDT,2022-09-21,2022,,2022-09-21,2022-10-20,True,False,30,2,29,2,False,True,False,2022-09-21,
APTUSDT,2022-10-18,2022,,2022-10-18,2022-11-16,True,False,30,2,29,2,False,True,False,2022-10-18,
QNTUSDT,2022-10-18,2022,,2022-10-18,2022-11-16,True,False,30,2,28,2,False,True,False,2022-10-18;2022-10-19,
FETUSDT,2023-01-15,2023,,2023-01-15,2023-02-13,True,False,30,2,28,2,False,True,False,2023-01-15;2023-01-16,
FXSUSDT,2023-01-19,2023,2026-01-06,2023-01-19,2023-02-17,True,False,30,2,29,2,False,True,False,2023-01-19,
HOOKUSDT,2023-01-19,2023,2026-03-24,2023-01-19,2023-02-17,True,False,30,2,26,2,False,True,False,2023-01-19;2023-01-20;2023-01-21;2023-01-22,
MAGICUSDT,2023-01-23,2023,,2023-01-23,2023-02-21,True,False,30,2,28,2,False,True,False,2023-01-23;2023-01-24,
TUSDT,2023-01-31,2023,,2023-01-31,2023-03-01,True,False,30,3,29,2,False,False,False,2023-01-31,2023-01
HIGHUSDT,2023-02-03,2023,2026-06-11,2023-02-03,2023-03-04,True,False,30,2,26,2,False,True,False,2023-02-03;2023-02-04;2023-02-05;2023-02-06,
MINAUSDT,2023-02-03,2023,,2023-02-03,2023-03-04,True,False,30,2,27,2,False,True,False,2023-02-03;2023-02-04;2023-02-05,
ASTRUSDT,2023-02-13,2023,,2023-02-13,2023-03-14,True,False,30,2,29,2,False,True,False,2023-02-13,
AGIXUSDT,2023-02-15,2023,2024-06-25,2023-02-15,2023-03-16,True,False,30,2,29,2,False,True,False,2023-02-15,
PHBUSDT,2023-02-15,2023,2026-05-19,2023-02-15,2023-03-16,True,False,30,2,29,2,False,True,False,2023-02-15,
GMXUSDT,2023-02-16,2023,,2023-02-16,2023-03-17,True,False,30,2,29,2,False,True,False,2023-02-16,
CFXUSDT,2023-02-19,2023,,2023-02-19,2023-03-20,True,False,30,2,29,2,False,True,False,2023-02-19,
STXUSDT,2023-02-20,2023,,2023-02-20,2023-03-21,True,False,30,2,29,2,False,True,False,2023-02-20,
ACHUSDT,2023-02-21,2023,,2023-02-21,2023-03-22,True,False,30,2,29,2,False,True,False,2023-02-21,
BNXUSDT,2023-02-22,2023,2025-03-17,2023-02-22,2023-03-23,True,False,30,2,30,2,True,True,True,,
SSVUSDT,2023-02-23,2023,,2023-02-23,2023-03-24,True,False,30,2,29,2,False,True,False,2023-02-23,
CKBUSDT,2023-02-27,2023,,2023-02-27,2023-03-28,True,False,30,2,29,2,False,True,False,2023-02-27,
PERPUSDT,2023-03-05,2023,2025-11-21,2023-03-05,2023-04-03,True,False,30,2,29,2,False,True,False,2023-03-05,
TRUUSDT,2023-03-06,2023,2026-04-21,2023-03-06,2023-04-04,True,False,30,2,29,2,False,True,False,2023-03-06,
LQTYUSDT,2023-03-08,2023,,2023-03-08,2023-04-06,True,False,30,2,28,2,False,True,False,2023-03-08;2023-03-09,
USDCUSDT,2023-03-12,2023,,2023-03-12,2023-04-10,True,False,30,2,30,2,True,True,True,,
ARBUSDT,2023-03-23,2023,,2023-03-23,2023-04-21,True,False,30,2,30,2,True,True,True,,
IDUSDT,2023-03-23,2023,,2023-03-23,2023-04-21,True,False,30,2,30,2,True,True,True,,
JOEUSDT,2023-03-28,2023,,2023-03-28,2023-04-26,True,False,30,2,29,2,False,True,False,2023-03-28,
AMBUSDT,2023-03-29,2023,2025-02-21,2023-03-29,2023-04-27,True,False,30,2,29,2,False,True,False,2023-03-29,
LEVERUSDT,2023-03-29,2023,2025-09-03,2023-03-29,2023-04-27,True,False,30,2,29,2,False,True,False,2023-03-29,
TLMUSDT,2023-03-29,2023,,2023-03-29,2023-04-27,True,False,30,2,30,2,True,True,True,,
RDNTUSDT,2023-04-04,2023,2026-03-24,2023-04-04,2023-05-03,True,False,30,2,29,2,False,True,False,2023-04-04,
HFTUSDT,2023-04-05,2023,,2023-04-05,2023-05-04,True,False,30,2,29,2,False,True,False,2023-04-05,
XVSUSDT,2023-04-12,2023,,2023-04-12,2023-05-11,True,False,30,2,29,2,False,True,False,2023-04-12,
BLURUSDT,2023-04-27,2023,,2023-04-27,2023-05-26,True,False,30,2,29,2,False,True,False,2023-04-27,
EDUUSDT,2023-04-28,2023,,2023-04-28,2023-05-27,True,False,30,2,28,2,False,True,False,2023-04-28;2023-04-29,
IDEXUSDT,2023-05-02,2023,2024-05-15,2023-05-02,2023-05-31,True,False,30,1,29,1,False,True,False,2023-05-02,
SUIUSDT,2023-05-03,2023,,2023-05-03,2023-06-01,True,False,30,2,30,2,True,True,True,,
1000PEPEUSDT,2023-05-05,2023,,2023-05-05,2023-06-03,True,False,30,2,30,2,True,True,True,,
1000FLOKIUSDT,2023-05-06,2023,,2023-05-06,2023-06-04,True,False,30,2,30,2,True,True,True,,
RADUSDT,2023-05-09,2023,2024-05-14,2023-05-09,2023-06-07,True,False,30,2,29,2,False,True,False,2023-05-09,
UMAUSDT,2023-05-09,2023,,2023-05-09,2023-06-07,True,False,30,2,29,2,False,True,False,2023-05-09,
KEYUSDT,2023-05-23,2023,2024-12-03,2023-05-23,2023-06-21,True,False,30,2,29,2,False,True,False,2023-05-23,
COMBOUSDT,2023-06-02,2023,2025-03-27,2023-06-02,2023-07-01,True,False,30,2,30,2,True,True,True,,
NMRUSDT,2023-06-22,2023,,2023-06-22,2023-07-21,True,False,30,2,30,2,True,True,True,,
MAVUSDT,2023-06-29,2023,,2023-06-29,2023-07-28,True,False,30,2,30,2,True,True,True,,
MDTUSDT,2023-06-30,2023,2024-05-16,2023-06-30,2023-07-29,True,False,30,2,30,2,True,True,True,,
XVGUSDT,2023-07-05,2023,,2023-07-05,2023-08-03,True,False,30,2,30,2,True,True,True,,
WLDUSDT,2023-07-24,2023,,2023-07-24,2023-08-22,True,False,30,2,30,2,True,True,True,,
ARKMUSDT,2023-07-28,2023,,2023-07-28,2023-08-26,True,False,30,2,30,2,True,True,True,,
PENDLEUSDT,2023-07-28,2023,,2023-07-28,2023-08-26,True,False,30,2,30,2,True,True,True,,
AGLDUSDT,2023-07-29,2023,,2023-07-29,2023-08-27,True,False,30,2,30,2,True,True,True,,
YGGUSDT,2023-08-05,2023,,2023-08-05,2023-09-03,True,False,30,2,30,2,True,True,True,,
DODOXUSDT,2023-08-08,2023,,2023-08-08,2023-09-06,True,False,30,2,30,2,True,True,True,,
BNTUSDT,2023-08-10,2023,,2023-08-10,2023-09-08,True,False,30,2,30,2,True,True,True,,
OXTUSDT,2023-08-11,2023,2026-04-15,2023-08-11,2023-09-09,True,False,30,2,30,2,True,True,True,,
SEIUSDT,2023-08-17,2023,,2023-08-17,2023-09-15,True,False,30,2,30,2,True,True,True,,
CYBERUSDT,2023-08-21,2023,,2023-08-21,2023-09-19,True,False,30,2,30,2,True,True,True,,
HIFIUSDT,2023-09-16,2023,2025-10-03,2023-09-16,2023-10-15,True,False,30,2,30,2,True,True,True,,
ARKUSDT,2023-09-19,2023,,2023-09-19,2023-10-18,True,False,30,2,30,2,True,True,True,,
GLMRUSDT,2023-09-26,2023,2024-05-15,2023-09-26,2023-10-25,True,False,30,2,30,2,True,True,True,,
BICOUSDT,2023-09-28,2023,,2023-09-28,2023-10-27,True,False,30,2,30,2,True,True,True,,
LOOMUSDT,2023-10-11,2023,2024-12-09,2023-10-11,2023-11-09,True,False,30,2,30,2,True,True,True,,
STRAXUSDT,2023-10-11,2023,2024-03-15,2023-10-11,2023-11-09,True,False,30,2,30,2,True,True,True,,
BIGTIMEUSDT,2023-10-12,2023,,2023-10-12,2023-11-10,True,False,30,2,30,2,True,True,True,,
BONDUSDT,2023-10-15,2023,2024-12-16,2023-10-15,2023-11-13,True,False,30,2,30,2,True,True,True,,
ORBSUSDT,2023-10-17,2023,2024-12-09,2023-10-17,2023-11-15,True,False,30,2,30,2,True,True,True,,
STPTUSDT,2023-10-18,2023,2024-05-13,2023-10-18,2023-11-16,True,False,30,2,30,2,True,True,True,,
WAXPUSDT,2023-10-18,2023,,2023-10-18,2023-11-16,True,False,30,2,30,2,True,True,True,,
BSVUSDT,2023-10-20,2023,,2023-10-20,2023-11-18,True,False,30,2,30,2,True,True,True,,
RIFUSDT,2023-10-21,2023,,2023-10-21,2023-11-19,True,False,30,2,30,2,True,True,True,,
GASUSDT,2023-10-25,2023,,2023-10-25,2023-11-23,True,False,30,2,30,2,True,True,True,,
POLYXUSDT,2023-10-25,2023,,2023-10-25,2023-11-23,True,False,30,2,30,2,True,True,True,,
POWRUSDT,2023-10-27,2023,,2023-10-27,2023-11-25,True,False,30,2,30,2,True,True,True,,
TIAUSDT,2023-10-31,2023,,2023-10-31,2023-11-29,True,False,30,2,30,2,True,True,True,,
CAKEUSDT,2023-11-02,2023,,2023-11-02,2023-12-01,True,False,30,2,30,2,True,True,True,,
SNTUSDT,2023-11-02,2023,2024-05-13,2023-11-02,2023-12-01,True,False,30,2,30,2,True,True,True,,
MEMEUSDT,2023-11-03,2023,,2023-11-03,2023-12-02,True,False,30,2,30,2,True,True,True,,
TOKENUSDT,2023-11-03,2023,2025-12-05,2023-11-03,2023-12-02,True,False,30,2,30,2,True,True,True,,
TWTUSDT,2023-11-03,2023,,2023-11-03,2023-12-02,True,False,30,2,30,2,True,True,True,,
ORDIUSDT,2023-11-07,2023,,2023-11-07,2023-12-06,True,False,30,2,30,2,True,True,True,,
STEEMUSDT,2023-11-08,2023,,2023-11-08,2023-12-07,True,False,30,2,30,2,True,True,True,,
BADGERUSDT,2023-11-09,2023,2025-04-14,2023-11-09,2023-12-08,True,False,30,2,30,2,True,True,True,,
ILVUSDT,2023-11-10,2023,,2023-11-10,2023-12-09,True,False,30,2,30,2,True,True,True,,
NTRNUSDT,2023-11-14,2023,2026-03-24,2023-11-14,2023-12-13,True,False,30,2,30,2,True,True,True,,
BEAMXUSDT,2023-11-17,2023,,2023-11-17,2023-12-16,True,False,30,2,30,2,True,True,True,,
KASUSDT,2023-11-17,2023,,2023-11-17,2023-12-16,True,False,30,2,30,2,True,True,True,,
1000BONKUSDT,2023-11-22,2023,,2023-11-22,2023-12-21,True,False,30,2,30,2,True,True,True,,
PYTHUSDT,2023-11-22,2023,,2023-11-22,2023-12-21,True,False,30,2,30,2,True,True,True,,
SUPERUSDT,2023-11-26,2023,,2023-11-26,2023-12-25,True,False,30,2,30,2,True,True,True,,
ONGUSDT,2023-11-27,2023,,2023-11-27,2023-12-26,True,False,30,2,30,2,True,True,True,,
USTCUSDT,2023-11-27,2023,,2023-11-27,2023-12-26,True,False,30,2,30,2,True,True,True,,
ETHWUSDT,2023-11-28,2023,,2023-11-28,2023-12-27,True,False,30,2,30,2,True,True,True,,
JTOUSDT,2023-12-08,2023,,2023-12-08,2024-01-06,True,False,30,2,30,2,True,True,True,,
1000SATSUSDT,2023-12-12,2023,,2023-12-12,2024-01-10,True,False,30,2,30,2,True,True,True,,
1000RATSUSDT,2023-12-15,2023,,2023-12-15,2024-01-13,True,False,30,2,30,2,True,True,True,,
AUCTIONUSDT,2023-12-15,2023,,2023-12-15,2024-01-13,True,False,30,2,30,2,True,True,True,,
ACEUSDT,2023-12-18,2023,,2023-12-18,2024-01-16,True,False,30,2,30,2,True,True,True,,
MOVRUSDT,2023-12-26,2023,,2023-12-26,2024-01-24,True,False,30,2,30,2,True,True,True,,
NFPUSDT,2023-12-27,2023,,2023-12-27,2024-01-25,True,False,30,2,30,2,True,True,True,,
AIUSDT,2024-01-08,2024,2026-04-28,2024-01-08,2024-02-06,True,False,30,2,30,2,True,True,True,,
XAIUSDT,2024-01-09,2024,,2024-01-09,2024-02-07,True,False,30,2,30,2,True,True,True,,
MANTAUSDT,2024-01-18,2024,,2024-01-18,2024-02-16,True,False,30,2,30,2,True,True,True,,
WIFUSDT,2024-01-18,2024,,2024-01-18,2024-02-16,True,False,30,2,30,2,True,True,True,,
ONDOUSDT,2024-01-20,2024,,2024-01-20,2024-02-18,True,False,30,2,30,2,True,True,True,,
ALTUSDT,2024-01-25,2024,,2024-01-25,2024-02-23,True,False,30,2,30,2,True,True,True,,
LSKUSDT,2024-01-25,2024,,2024-01-25,2024-02-23,True,False,30,2,30,2,True,True,True,,
JUPUSDT,2024-01-31,2024,,2024-01-31,2024-02-29,True,False,30,2,30,1,True,False,False,,2024-01
ZETAUSDT,2024-02-02,2024,,2024-02-02,2024-03-02,True,False,30,2,30,2,True,True,True,,
RONINUSDT,2024-02-06,2024,,2024-02-06,2024-03-06,True,False,30,2,30,2,True,True,True,,
DYMUSDT,2024-02-07,2024,,2024-02-07,2024-03-07,True,False,30,2,30,2,True,True,True,,
OMUSDT,2024-02-13,2024,2026-02-23,2024-02-13,2024-03-13,True,False,30,2,30,2,True,True,True,,
PIXELUSDT,2024-02-19,2024,,2024-02-19,2024-03-19,True,False,30,2,30,2,True,True,True,,
STRKUSDT,2024-02-20,2024,,2024-02-20,2024-03-20,True,False,30,2,30,2,True,True,True,,
GLMUSDT,2024-02-22,2024,,2024-02-22,2024-03-22,True,False,30,2,30,2,True,True,True,,
PORTALUSDT,2024-02-29,2024,,2024-02-29,2024-03-29,True,False,30,2,30,2,True,True,True,,
AXLUSDT,2024-03-01,2024,,2024-03-01,2024-03-30,True,False,30,1,30,1,True,True,True,,
TONUSDT,2024-03-01,2024,,2024-03-01,2024-03-30,True,False,30,1,30,1,True,True,True,,
MYROUSDT,2024-03-05,2024,2025-11-14,2024-03-05,2024-04-03,True,False,30,2,30,2,True,True,True,,
METISUSDT,2024-03-12,2024,,2024-03-12,2024-04-10,True,False,30,2,30,2,True,True,True,,
AEVOUSDT,2024-03-13,2024,,2024-03-13,2024-04-11,True,False,30,2,30,2,True,True,True,,
VANRYUSDT,2024-03-13,2024,,2024-03-13,2024-04-11,True,False,30,2,30,2,True,True,True,,
BOMEUSDT,2024-03-16,2024,,2024-03-16,2024-04-14,True,False,30,2,30,2,True,True,True,,
ETHFIUSDT,2024-03-18,2024,,2024-03-18,2024-04-16,True,False,30,2,30,2,True,True,True,,
ENAUSDT,2024-04-02,2024,,2024-04-02,2024-05-01,True,False,30,2,30,2,True,True,True,,
WUSDT,2024-04-03,2024,,2024-04-03,2024-05-02,True,False,30,2,30,2,True,True,True,,
TNSRUSDT,2024-04-08,2024,,2024-04-08,2024-05-07,True,False,30,2,30,2,True,True,True,,
SAGAUSDT,2024-04-09,2024,,2024-04-09,2024-05-08,True,False,30,2,30,2,True,True,True,,
TAOUSDT,2024-04-11,2024,,2024-04-11,2024-05-10,True,False,30,2,30,2,True,True,True,,
OMNIUSDT,2024-04-17,2024,2025-09-22,2024-04-17,2024-05-16,True,False,30,2,30,2,True,True,True,,
REZUSDT,2024-04-30,2024,,2024-04-30,2024-05-29,True,False,30,2,30,2,True,True,True,,
BBUSDT,2024-05-13,2024,,2024-05-13,2024-06-11,True,False,30,2,30,2,True,True,True,,
NOTUSDT,2024-05-16,2024,,2024-05-16,2024-06-14,True,False,30,2,30,2,True,True,True,,
TURBOUSDT,2024-05-30,2024,,2024-05-30,2024-06-28,True,False,30,2,30,2,True,True,True,,
IOUSDT,2024-06-11,2024,,2024-06-11,2024-07-10,True,False,30,2,30,2,True,True,True,,
MEWUSDT,2024-06-17,2024,,2024-06-17,2024-07-16,True,False,30,2,30,2,True,True,True,,
ZKUSDT,2024-06-17,2024,,2024-06-17,2024-07-16,True,False,30,2,30,2,True,True,True,,
LISTAUSDT,2024-06-20,2024,,2024-06-20,2024-07-19,True,False,30,2,30,2,True,True,True,,
ZROUSDT,2024-06-20,2024,,2024-06-20,2024-07-19,True,False,30,2,30,2,True,True,True,,
RENDERUSDT,2024-07-26,2024,,2024-07-26,2024-08-24,True,False,30,2,30,2,True,True,True,,
BANANAUSDT,2024-08-15,2024,,2024-08-15,2024-09-13,True,False,30,2,30,2,True,True,True,,
GUSDT,2024-08-15,2024,,2024-08-15,2024-09-13,True,False,30,2,30,2,True,True,True,,
RAREUSDT,2024-08-15,2024,,2024-08-15,2024-09-13,True,False,30,2,30,2,True,True,True,,
SYNUSDT,2024-08-16,2024,,2024-08-16,2024-09-14,True,False,30,2,30,2,True,True,True,,
SYSUSDT,2024-08-19,2024,2026-05-19,2024-08-19,2024-09-17,True,False,30,2,30,2,True,True,True,,
BRETTUSDT,2024-08-20,2024,,2024-08-20,2024-09-18,True,False,30,2,30,2,True,True,True,,
VOXELUSDT,2024-08-20,2024,2025-12-10,2024-08-20,2024-09-18,True,False,30,2,30,2,True,True,True,,
ALPACAUSDT,2024-08-22,2024,2025-04-30,2024-08-22,2024-09-20,True,False,30,2,30,2,True,True,True,,
POPCATUSDT,2024-08-22,2024,,2024-08-22,2024-09-20,True,False,30,2,30,2,True,True,True,,
SUNUSDT,2024-08-22,2024,,2024-08-22,2024-09-20,True,False,30,2,30,2,True,True,True,,
VIDTUSDT,2024-08-23,2024,2025-04-14,2024-08-23,2024-09-21,True,False,30,2,30,2,True,True,True,,
DOGSUSDT,2024-08-26,2024,,2024-08-26,2024-09-24,True,False,30,2,30,2,True,True,True,,
NULSUSDT,2024-08-26,2024,2025-04-14,2024-08-26,2024-09-24,True,False,30,2,30,2,True,True,True,,
MBOXUSDT,2024-08-28,2024,2026-06-11,2024-08-28,2024-09-26,True,False,30,2,30,2,True,True,True,,
CHESSUSDT,2024-08-29,2024,2026-02-06,2024-08-29,2024-09-27,True,False,30,2,30,2,True,True,True,,
FLUXUSDT,2024-09-03,2024,,2024-09-03,2024-10-02,True,False,30,2,30,2,True,True,True,,
BSWUSDT,2024-09-05,2024,2025-09-15,2024-09-05,2024-10-04,True,False,30,2,30,2,True,True,True,,
NEIROETHUSDT,2024-09-06,2024,2025-09-26,2024-09-06,2024-10-05,True,False,30,2,30,2,True,True,True,,
QUICKUSDT,2024-09-06,2024,2025-11-28,2024-09-06,2024-10-05,True,False,30,2,30,2,True,True,True,,
RPLUSDT,2024-09-09,2024,,2024-09-09,2024-10-08,True,False,30,2,30,2,True,True,True,,
POLUSDT,2024-09-13,2024,,2024-09-13,2024-10-12,True,False,30,2,30,2,True,True,True,,
UXLINKUSDT,2024-09-15,2024,2025-09-26,2024-09-15,2024-10-14,True,False,30,2,30,2,True,True,True,,
1MBABYDOGEUSDT,2024-09-16,2024,,2024-09-16,2024-10-15,True,False,30,2,30,2,True,True,True,,
NEIROUSDT,2024-09-16,2024,,2024-09-16,2024-10-15,True,False,30,2,30,2,True,True,True,,
KDAUSDT,2024-09-18,2024,2025-11-06,2024-09-18,2024-10-17,True,False,30,2,30,2,True,True,True,,
FIDAUSDT,2024-09-19,2024,,2024-09-19,2024-10-18,True,False,30,2,30,2,True,True,True,,
CATIUSDT,2024-09-20,2024,,2024-09-20,2024-10-19,True,False,30,2,30,2,True,True,True,,
FIOUSDT,2024-09-20,2024,2026-04-15,2024-09-20,2024-10-19,True,False,30,2,30,2,True,True,True,,
GHSTUSDT,2024-09-23,2024,2026-02-06,2024-09-23,2024-10-22,True,False,30,2,30,2,True,True,True,,
LOKAUSDT,2024-09-24,2024,2025-07-21,2024-09-24,2024-10-23,True,False,30,2,30,2,True,True,True,,
HMSTRUSDT,2024-09-26,2024,,2024-09-26,2024-10-25,True,False,30,2,30,2,True,True,True,,
REIUSDT,2024-09-27,2024,2025-12-10,2024-09-27,2024-10-26,True,False,30,2,30,2,True,True,True,,
COSUSDT,2024-09-30,2024,2026-06-11,2024-09-30,2024-10-29,True,False,30,2,30,2,True,True,True,,
EIGENUSDT,2024-10-01,2024,,2024-10-01,2024-10-30,True,False,30,1,30,1,True,True,True,,
DIAUSDT,2024-10-02,2024,,2024-10-02,2024-10-31,True,False,30,1,30,1,True,True,True,,
1000CATUSDT,2024-10-21,2024,,2024-10-21,2024-11-19,True,False,30,2,30,2,True,True,True,,
SCRUSDT,2024-10-22,2024,,2024-10-22,2024-11-20,True,False,30,2,30,2,True,True,True,,
GOATUSDT,2024-10-24,2024,,2024-10-24,2024-11-22,True,False,30,2,30,2,True,True,True,,
MOODENGUSDT,2024-10-25,2024,,2024-10-25,2024-11-23,True,False,30,2,30,2,True,True,True,,
SAFEUSDT,2024-10-25,2024,,2024-10-25,2024-11-23,True,False,30,2,30,2,True,True,True,,
SANTOSUSDT,2024-10-28,2024,,2024-10-28,2024-11-26,True,False,30,2,30,2,True,True,True,,
TROYUSDT,2024-10-31,2024,2025-04-14,2024-10-31,2024-11-29,True,False,30,2,30,2,True,True,True,,
PONKEUSDT,2024-11-04,2024,2025-11-28,2024-11-04,2024-12-03,True,False,30,2,30,2,True,True,True,,
CETUSUSDT,2024-11-06,2024,,2024-11-06,2024-12-05,True,False,30,2,30,2,True,True,True,,
COWUSDT,2024-11-06,2024,,2024-11-06,2024-12-05,True,False,30,2,30,2,True,True,True,,
1000000MOGUSDT,2024-11-07,2024,,2024-11-07,2024-12-06,True,False,30,2,30,2,True,True,True,,
DRIFTUSDT,2024-11-08,2024,,2024-11-08,2024-12-07,True,False,30,2,30,2,True,True,True,,
GRASSUSDT,2024-11-08,2024,,2024-11-08,2024-12-07,True,False,30,2,30,2,True,True,True,,
SWELLUSDT,2024-11-08,2024,2025-11-28,2024-11-08,2024-12-07,True,False,30,2,30,2,True,True,True,,
ACTUSDT,2024-11-11,2024,,2024-11-11,2024-12-10,True,False,30,2,30,2,True,True,True,,
PNUTUSDT,2024-11-11,2024,,2024-11-11,2024-12-10,True,False,30,2,30,2,True,True,True,,
1000XUSDT,2024-11-13,2024,2025-11-14,2024-11-13,2024-12-12,True,False,30,2,30,2,True,True,True,,
HIPPOUSDT,2024-11-13,2024,2026-04-08,2024-11-13,2024-12-12,True,False,30,2,30,2,True,True,True,,
DEGENUSDT,2024-11-15,2024,2026-04-28,2024-11-15,2024-12-14,True,False,30,2,30,2,True,True,True,,
AKTUSDT,2024-11-18,2024,,2024-11-18,2024-12-17,True,False,30,2,30,2,True,True,True,,
BANUSDT,2024-11-18,2024,,2024-11-18,2024-12-17,True,False,30,2,30,2,True,True,True,,
SCRTUSDT,2024-11-21,2024,,2024-11-21,2024-12-20,True,False,30,2,30,2,True,True,True,,
SLERFUSDT,2024-11-21,2024,2025-10-20,2024-11-21,2024-12-20,True,False,30,2,30,2,True,True,True,,
1000CHEEMSUSDT,2024-11-25,2024,,2024-11-25,2024-12-24,True,False,30,2,30,2,True,True,True,,
1000WHYUSDT,2024-11-25,2024,2026-03-17,2024-11-25,2024-12-24,True,False,30,2,30,2,True,True,True,,
CHILLGUYUSDT,2024-11-27,2024,,2024-11-27,2024-12-26,True,False,30,2,30,2,True,True,True,,
MORPHOUSDT,2024-11-27,2024,,2024-11-27,2024-12-26,True,False,30,2,30,2,True,True,True,,
THEUSDT,2024-11-27,2024,,2024-11-27,2024-12-26,True,False,30,2,30,2,True,True,True,,
AEROUSDT,2024-12-04,2024,,2024-12-04,2025-01-02,True,False,30,2,30,2,True,True,True,,
KAIAUSDT,2024-12-04,2024,,2024-12-04,2025-01-02,True,False,30,2,30,2,True,True,True,,
ACXUSDT,2024-12-06,2024,,2024-12-06,2025-01-04,True,False,30,2,30,2,True,True,True,,
ORCAUSDT,2024-12-06,2024,,2024-12-06,2025-01-04,True,False,30,2,30,2,True,True,True,,
MOVEUSDT,2024-12-09,2024,,2024-12-09,2025-01-07,True,False,30,2,30,2,True,True,True,,
KOMAUSDT,2024-12-10,2024,,2024-12-10,2025-01-08,True,False,30,2,30,2,True,True,True,,
MEUSDT,2024-12-10,2024,,2024-12-10,2025-01-08,True,False,30,2,30,2,True,True,True,,
RAYSOLUSDT,2024-12-10,2024,,2024-12-10,2025-01-08,True,False,30,2,30,2,True,True,True,,
SPXUSDT,2024-12-10,2024,,2024-12-10,2025-01-08,True,False,30,2,30,2,True,True,True,,
VIRTUALUSDT,2024-12-10,2024,,2024-12-10,2025-01-08,True,False,30,2,30,2,True,True,True,,
AVAUSDT,2024-12-13,2024,,2024-12-13,2025-01-11,True,False,30,2,30,2,True,True,True,,
DEGOUSDT,2024-12-13,2024,2026-04-21,2024-12-13,2025-01-11,True,False,30,2,30,2,True,True,True,,
VELODROMEUSDT,2024-12-13,2024,,2024-12-13,2025-01-11,True,False,30,2,30,2,True,True,True,,
MOCAUSDT,2024-12-16,2024,,2024-12-16,2025-01-14,True,False,30,2,30,2,True,True,True,,
VANAUSDT,2024-12-16,2024,,2024-12-16,2025-01-14,True,False,30,2,30,2,True,True,True,,
PENGUUSDT,2024-12-17,2024,,2024-12-17,2025-01-15,True,False,30,2,30,2,True,True,True,,
LUMIAUSDT,2024-12-18,2024,,2024-12-18,2025-01-16,True,False,30,2,30,2,True,True,True,,
USUALUSDT,2024-12-18,2024,,2024-12-18,2025-01-16,True,False,30,2,30,2,True,True,True,,
AIXBTUSDT,2024-12-20,2024,,2024-12-20,2025-01-18,True,False,30,2,30,2,True,True,True,,
CGPTUSDT,2024-12-20,2024,,2024-12-20,2025-01-18,True,False,30,2,30,2,True,True,True,,
FARTCOINUSDT,2024-12-20,2024,,2024-12-20,2025-01-18,True,False,30,2,30,2,True,True,True,,
KMNOUSDT,2024-12-20,2024,,2024-12-20,2025-01-18,True,False,30,2,30,2,True,True,True,,
HIVEUSDT,2024-12-23,2024,,2024-12-23,2025-01-21,True,False,30,2,30,2,True,True,True,,
DEXEUSDT,2024-12-24,2024,,2024-12-24,2025-01-22,True,False,30,2,30,2,True,True,True,,
DFUSDT,2024-12-30,2024,2026-02-06,2024-12-30,2025-01-28,True,False,30,2,30,2,True,True,True,,
PHAUSDT,2024-12-30,2024,,2024-12-30,2025-01-28,True,False,30,2,30,2,True,True,True,,
AI16ZUSDT,2025-01-02,2025,2025-11-06,2025-01-02,2025-01-31,True,False,30,1,30,1,True,True,True,,
GRIFFAINUSDT,2025-01-02,2025,,2025-01-02,2025-01-31,True,False,30,1,30,1,True,True,True,,
ZEREBROUSDT,2025-01-02,2025,,2025-01-02,2025-01-31,True,False,30,1,30,1,True,True,True,,
BIOUSDT,2025-01-03,2025,,2025-01-03,2025-02-01,True,False,30,2,30,2,True,True,True,,
ALCHUSDT,2025-01-07,2025,,2025-01-07,2025-02-05,True,False,30,2,30,2,True,True,True,,
COOKIEUSDT,2025-01-07,2025,,2025-01-07,2025-02-05,True,False,30,2,30,2,True,True,True,,
SWARMSUSDT,2025-01-07,2025,,2025-01-07,2025-02-05,True,False,30,2,30,2,True,True,True,,
SONICUSDT,2025-01-08,2025,,2025-01-08,2025-02-06,True,False,30,2,30,2,True,True,True,,
DUSDT,2025-01-09,2025,2026-06-11,2025-01-09,2025-02-07,True,False,30,2,30,2,True,True,True,,
PROMUSDT,2025-01-15,2025,,2025-01-15,2025-02-13,True,False,30,2,30,2,True,True,True,,
SUSDT,2025-01-16,2025,,2025-01-16,2025-02-14,True,False,30,2,30,2,True,True,True,,
ARCUSDT,2025-01-17,2025,,2025-01-17,2025-02-15,True,False,30,2,30,2,True,True,True,,
AVAAIUSDT,2025-01-17,2025,,2025-01-17,2025-02-15,True,False,30,2,30,2,True,True,True,,
SOLVUSDT,2025-01-17,2025,,2025-01-17,2025-02-15,True,False,30,2,30,2,True,True,True,,
TRUMPUSDT,2025-01-18,2025,,2025-01-18,2025-02-16,True,False,30,2,30,2,True,True,True,,
MELANIAUSDT,2025-01-20,2025,,2025-01-20,2025-02-18,True,False,30,2,30,2,True,True,True,,
VTHOUSDT,2025-01-22,2025,,2025-01-22,2025-02-20,True,False,30,2,30,2,True,True,True,,
ANIMEUSDT,2025-01-23,2025,,2025-01-23,2025-02-21,True,False,30,2,30,2,True,True,True,,
PIPPINUSDT,2025-01-24,2025,,2025-01-24,2025-02-22,True,False,30,2,30,2,True,True,True,,
VINEUSDT,2025-01-24,2025,2026-04-28,2025-01-24,2025-02-22,True,False,30,2,30,2,True,True,True,,
VVVUSDT,2025-01-29,2025,,2025-01-29,2025-02-27,True,False,30,2,30,2,True,True,True,,
BERAUSDT,2025-02-06,2025,,2025-02-06,2025-03-07,True,False,30,2,30,2,True,True,True,,
TSTUSDT,2025-02-09,2025,,2025-02-09,2025-03-10,True,False,30,2,30,2,True,True,True,,
LAYERUSDT,2025-02-11,2025,,2025-02-11,2025-03-12,True,False,30,2,30,2,True,True,True,,
B3USDT,2025-02-13,2025,2026-04-28,2025-02-13,2025-03-14,True,False,30,2,30,2,True,True,True,,
HEIUSDT,2025-02-13,2025,,2025-02-13,2025-03-14,True,False,30,2,30,2,True,True,True,,
IPUSDT,2025-02-13,2025,,2025-02-13,2025-03-14,True,False,30,2,30,2,True,True,True,,
GPSUSDT,2025-02-17,2025,,2025-02-17,2025-03-18,True,False,30,2,30,2,True,True,True,,
SHELLUSDT,2025-02-17,2025,,2025-02-17,2025-03-18,True,False,30,2,30,2,True,True,True,,
KAITOUSDT,2025-02-20,2025,,2025-02-20,2025-03-21,True,False,30,2,30,2,True,True,True,,
REDUSDT,2025-03-06,2025,,2025-03-06,2025-04-04,True,False,30,2,30,2,True,True,True,,
VICUSDT,2025-03-12,2025,,2025-03-12,2025-04-10,True,False,30,2,30,2,True,True,True,,
EPICUSDT,2025-03-13,2025,,2025-03-13,2025-04-11,True,False,30,2,30,2,True,True,True,,
BMTUSDT,2025-03-17,2025,,2025-03-17,2025-04-15,True,False,30,2,30,2,True,True,True,,
MUBARAKUSDT,2025-03-17,2025,,2025-03-17,2025-04-15,True,False,30,2,30,2,True,True,True,,
FORMUSDT,2025-03-19,2025,,2025-03-19,2025-04-17,True,False,30,2,30,2,True,True,True,,
BIDUSDT,2025-03-20,2025,2026-01-21,2025-03-20,2025-04-18,True,False,30,2,30,2,True,True,True,,
TUTUSDT,2025-03-20,2025,,2025-03-20,2025-04-18,True,False,30,2,30,2,True,True,True,,
BROCCOLI714USDT,2025-03-21,2025,,2025-03-21,2025-04-19,True,False,30,2,30,2,True,True,True,,
BROCCOLIF3BUSDT,2025-03-21,2025,,2025-03-21,2025-04-19,True,False,30,2,30,2,True,True,True,,
BRUSDT,2025-03-21,2025,,2025-03-21,2025-04-19,True,False,30,2,30,2,True,True,True,,
PLUMEUSDT,2025-03-21,2025,,2025-03-21,2025-04-19,True,False,30,2,30,2,True,True,True,,
BANANAS31USDT,2025-03-22,2025,,2025-03-22,2025-04-20,True,False,30,2,30,2,True,True,True,,
SIRENUSDT,2025-03-22,2025,,2025-03-22,2025-04-20,True,False,30,2,30,2,True,True,True,,
NILUSDT,2025-03-24,2025,,2025-03-24,2025-04-22,True,False,30,2,30,2,True,True,True,,
PARTIUSDT,2025-03-25,2025,,2025-03-25,2025-04-23,True,False,30,2,30,2,True,True,True,,
JELLYJELLYUSDT,2025-03-26,2025,,2025-03-26,2025-04-24,True,False,30,2,30,2,True,True,True,,
MAVIAUSDT,2025-03-26,2025,,2025-03-26,2025-04-24,True,False,30,2,30,2,True,True,True,,
PAXGUSDT,2025-03-27,2025,,2025-03-27,2025-04-25,True,False,30,2,30,2,True,True,True,,
WALUSDT,2025-03-27,2025,,2025-03-27,2025-04-25,True,False,30,2,30,2,True,True,True,,
FUNUSDT,2025-03-31,2025,2026-04-15,2025-03-31,2025-04-29,True,False,30,2,30,2,True,True,True,,
GUNUSDT,2025-03-31,2025,,2025-03-31,2025-04-29,True,False,30,2,30,2,True,True,True,,
MLNUSDT,2025-03-31,2025,2026-05-19,2025-03-31,2025-04-29,True,False,30,2,30,2,True,True,True,,
ATHUSDT,2025-04-02,2025,,2025-04-02,2025-05-01,True,False,30,2,30,2,True,True,True,,
BABYUSDT,2025-04-05,2025,,2025-04-05,2025-05-04,True,False,30,2,30,2,True,True,True,,
FORTHUSDT,2025-04-08,2025,2026-03-24,2025-04-08,2025-05-07,True,False,30,2,30,2,True,True,True,,
PROMPTUSDT,2025-04-11,2025,,2025-04-11,2025-05-10,True,False,30,2,30,2,True,True,True,,
XCNUSDT,2025-04-11,2025,2025-11-21,2025-04-11,2025-05-10,True,False,30,2,30,2,True,True,True,,
FHEUSDT,2025-04-12,2025,,2025-04-12,2025-05-11,True,False,30,2,30,2,True,True,True,,
STOUSDT,2025-04-12,2025,,2025-04-12,2025-05-11,True,False,30,2,30,2,True,True,True,,
KERNELUSDT,2025-04-14,2025,,2025-04-14,2025-05-13,True,False,30,2,30,2,True,True,True,,
WCTUSDT,2025-04-15,2025,,2025-04-15,2025-05-14,True,False,30,2,30,2,True,True,True,,
AERGOUSDT,2025-04-16,2025,,2025-04-16,2025-05-15,True,False,30,2,30,2,True,True,True,,
INITUSDT,2025-04-16,2025,,2025-04-16,2025-05-15,True,False,30,2,30,2,True,True,True,,
BANKUSDT,2025-04-18,2025,,2025-04-18,2025-05-17,True,False,30,2,30,2,True,True,True,,
EPTUSDT,2025-04-21,2025,2026-01-30,2025-04-21,2025-05-20,True,False,30,2,30,2,True,True,True,,
DEEPUSDT,2025-04-22,2025,,2025-04-22,2025-05-21,True,False,30,2,30,2,True,True,True,,
HYPERUSDT,2025-04-22,2025,,2025-04-22,2025-05-21,True,False,30,2,30,2,True,True,True,,
FISUSDT,2025-04-25,2025,2025-12-10,2025-04-25,2025-05-24,True,False,30,2,30,2,True,True,True,,
MEMEFIUSDT,2025-04-25,2025,2025-08-11,2025-04-25,2025-05-24,True,False,30,2,30,2,True,True,True,,
JSTUSDT,2025-04-28,2025,,2025-04-28,2025-05-27,True,False,30,2,30,2,True,True,True,,
SIGNUSDT,2025-04-28,2025,,2025-04-28,2025-05-27,True,False,30,2,30,2,True,True,True,,
AIOTUSDT,2025-04-30,2025,,2025-04-30,2025-05-29,True,False,30,2,30,2,True,True,True,,
CTKUSDT,2025-04-30,2025,,2025-04-30,2025-05-29,True,False,30,2,30,2,True,True,True,,
PUNDIXUSDT,2025-04-30,2025,,2025-04-30,2025-05-29,True,False,30,2,30,2,True,True,True,,
DOLOUSDT,2025-05-01,2025,,2025-05-01,2025-05-30,True,False,30,1,30,1,True,True,True,,
HAEDALUSDT,2025-05-01,2025,,2025-05-01,2025-05-30,True,False,30,1,30,1,True,True,True,,
SXTUSDT,2025-05-02,2025,,2025-05-02,2025-05-31,True,False,30,1,30,1,True,True,True,,
ALPINEUSDT,2025-05-06,2025,,2025-05-06,2025-06-04,True,False,30,2,30,2,True,True,True,,
ASRUSDT,2025-05-06,2025,,2025-05-06,2025-06-04,True,False,30,2,30,2,True,True,True,,
B2USDT,2025-05-06,2025,,2025-05-06,2025-06-04,True,False,30,2,30,2,True,True,True,,
MILKUSDT,2025-05-06,2025,2025-12-05,2025-05-06,2025-06-04,True,False,30,2,30,2,True,True,True,,
OBOLUSDT,2025-05-07,2025,2025-12-05,2025-05-07,2025-06-05,True,False,30,2,30,2,True,True,True,,
SYRUPUSDT,2025-05-07,2025,,2025-05-07,2025-06-05,True,False,30,2,30,2,True,True,True,,
DOODUSDT,2025-05-09,2025,,2025-05-09,2025-06-07,True,False,30,2,30,2,True,True,True,,
OGUSDT,2025-05-12,2025,,2025-05-12,2025-06-10,True,False,30,2,30,2,True,True,True,,
SKYAIUSDT,2025-05-13,2025,,2025-05-13,2025-06-11,True,False,30,2,30,2,True,True,True,,
ZKJUSDT,2025-05-13,2025,2026-04-29,2025-05-13,2025-06-11,True,False,30,2,30,2,True,True,True,,
NXPCUSDT,2025-05-15,2025,,2025-05-15,2025-06-13,True,False,30,2,30,2,True,True,True,,
CVCUSDT,2025-05-16,2025,,2025-05-16,2025-06-14,True,False,30,2,30,2,True,True,True,,
AGTUSDT,2025-05-20,2025,,2025-05-20,2025-06-18,True,False,30,2,30,2,True,True,True,,
AWEUSDT,2025-05-21,2025,,2025-05-21,2025-06-19,True,False,30,2,30,2,True,True,True,,
BUSDT,2025-05-22,2025,,2025-05-22,2025-06-20,True,False,30,2,30,2,True,True,True,,
SOONUSDT,2025-05-23,2025,,2025-05-23,2025-06-21,True,False,30,2,30,2,True,True,True,,
HUMAUSDT,2025-05-26,2025,,2025-05-26,2025-06-24,True,False,30,2,30,2,True,True,True,,
AUSDT,2025-05-28,2025,,2025-05-28,2025-06-26,True,False,30,2,30,2,True,True,True,,
SOPHUSDT,2025-05-28,2025,,2025-05-28,2025-06-26,True,False,30,2,30,2,True,True,True,,
MERLUSDT,2025-05-29,2025,,2025-05-29,2025-06-27,True,False,30,2,30,2,True,True,True,,
HYPEUSDT,2025-05-30,2025,,2025-05-30,2025-06-28,True,False,30,2,30,2,True,True,True,,
PORT3USDT,2025-06-04,2025,2025-11-23,2025-06-04,2025-07-03,True,False,30,2,30,2,True,True,True,,
PUFFERUSDT,2025-06-04,2025,2026-04-08,2025-06-04,2025-07-03,True,False,30,2,30,2,True,True,True,,
1000000BOBUSDT,2025-06-05,2025,,2025-06-05,2025-07-04,True,False,30,2,30,2,True,True,True,,
LAUSDT,2025-06-05,2025,,2025-06-05,2025-07-04,True,False,30,2,30,2,True,True,True,,
SKATEUSDT,2025-06-09,2025,2025-12-10,2025-06-09,2025-07-08,True,False,30,2,30,2,True,True,True,,
HOMEUSDT,2025-06-10,2025,,2025-06-10,2025-07-09,True,False,30,2,30,2,True,True,True,,
RESOLVUSDT,2025-06-10,2025,,2025-06-10,2025-07-09,True,False,30,2,30,2,True,True,True,,
SQDUSDT,2025-06-11,2025,,2025-06-11,2025-07-10,True,False,30,2,30,2,True,True,True,,
TAIKOUSDT,2025-06-11,2025,,2025-06-11,2025-07-10,True,False,30,2,30,2,True,True,True,,
PUMPBTCUSDT,2025-06-13,2025,,2025-06-13,2025-07-12,True,False,30,2,30,2,True,True,True,,
SPKUSDT,2025-06-17,2025,,2025-06-17,2025-07-16,True,False,30,2,30,2,True,True,True,,
FUSDT,2025-06-18,2025,,2025-06-18,2025-07-17,True,False,30,2,30,2,True,True,True,,
MYXUSDT,2025-06-18,2025,,2025-06-18,2025-07-17,True,False,30,2,30,2,True,True,True,,
NEWTUSDT,2025-06-19,2025,,2025-06-19,2025-07-18,True,False,30,2,30,2,True,True,True,,
DMCUSDT,2025-06-24,2025,2026-01-21,2025-06-24,2025-07-23,True,False,30,2,30,2,True,True,True,,
HUSDT,2025-06-25,2025,,2025-06-25,2025-07-24,True,False,30,2,30,2,True,True,True,,
OLUSDT,2025-06-25,2025,2026-04-08,2025-06-25,2025-07-24,True,False,30,2,30,2,True,True,True,,
SAHARAUSDT,2025-06-26,2025,,2025-06-26,2025-07-25,True,False,30,2,30,2,True,True,True,,
ICNTUSDT,2025-07-03,2025,,2025-07-03,2025-08-01,True,False,30,2,30,2,True,True,True,,
BULLAUSDT,2025-07-04,2025,,2025-07-04,2025-08-02,True,False,30,2,30,2,True,True,True,,
IDOLUSDT,2025-07-04,2025,,2025-07-04,2025-08-02,True,False,30,2,30,2,True,True,True,,
MUSDT,2025-07-07,2025,,2025-07-07,2025-08-05,True,False,30,2,30,2,True,True,True,,
TANSSIUSDT,2025-07-09,2025,2026-01-21,2025-07-09,2025-08-07,True,False,30,2,30,2,True,True,True,,
AINUSDT,2025-07-10,2025,,2025-07-10,2025-08-08,True,False,30,2,30,2,True,True,True,,
CROSSUSDT,2025-07-10,2025,,2025-07-10,2025-08-08,True,False,30,2,30,2,True,True,True,,
PUMPUSDT,2025-07-10,2025,,2025-07-10,2025-08-08,True,False,30,2,30,2,True,True,True,,
CUSDT,2025-07-15,2025,,2025-07-15,2025-08-13,True,False,30,2,30,2,True,True,True,,
TACUSDT,2025-07-15,2025,,2025-07-15,2025-08-13,True,False,30,2,30,2,True,True,True,,
VELVETUSDT,2025-07-15,2025,,2025-07-15,2025-08-13,True,False,30,2,30,2,True,True,True,,
ERAUSDT,2025-07-17,2025,,2025-07-17,2025-08-15,True,False,30,2,30,2,True,True,True,,
TAUSDT,2025-07-21,2025,,2025-07-21,2025-08-19,True,False,30,2,30,2,True,True,True,,
CVXUSDT,2025-07-23,2025,,2025-07-23,2025-08-21,True,False,30,2,30,2,True,True,True,,
SLPUSDT,2025-07-23,2025,,2025-07-23,2025-08-21,True,False,30,2,30,2,True,True,True,,
TAGUSDT,2025-07-25,2025,,2025-07-25,2025-08-23,True,False,30,2,30,2,True,True,True,,
ZORAUSDT,2025-07-25,2025,,2025-07-25,2025-08-23,True,False,30,2,30,2,True,True,True,,
ESPORTSUSDT,2025-07-29,2025,,2025-07-29,2025-08-27,True,False,30,2,30,2,True,True,True,,
TREEUSDT,2025-07-29,2025,,2025-07-29,2025-08-27,True,False,30,2,30,2,True,True,True,,
ZRCUSDT,2025-07-29,2025,2026-01-21,2025-07-29,2025-08-27,True,False,30,2,30,2,True,True,True,,
A2ZUSDT,2025-07-30,2025,2026-03-24,2025-07-30,2025-08-28,True,False,30,2,30,2,True,True,True,,
NAORISUSDT,2025-07-31,2025,,2025-07-31,2025-08-29,True,False,30,2,30,2,True,True,True,,
PLAYUSDT,2025-07-31,2025,,2025-07-31,2025-08-29,True,False,30,2,30,2,True,True,True,,
PROVEUSDT,2025-08-05,2025,,2025-08-05,2025-09-03,True,False,30,2,30,2,True,True,True,,
TOWNSUSDT,2025-08-05,2025,,2025-08-05,2025-09-03,True,False,30,2,30,2,True,True,True,,
ALLUSDT,2025-08-06,2025,,2025-08-06,2025-09-04,True,False,30,2,30,2,True,True,True,,
CARVUSDT,2025-08-07,2025,,2025-08-07,2025-09-05,True,False,30,2,30,2,True,True,True,,
INUSDT,2025-08-07,2025,,2025-08-07,2025-09-05,True,False,30,2,30,2,True,True,True,,
YALAUSDT,2025-08-07,2025,2026-02-10,2025-08-07,2025-09-05,True,False,30,2,30,2,True,True,True,,
AIOUSDT,2025-08-13,2025,,2025-08-13,2025-09-11,True,False,30,2,30,2,True,True,True,,
XNYUSDT,2025-08-13,2025,,2025-08-13,2025-09-11,True,False,30,2,30,2,True,True,True,,
USELESSUSDT,2025-08-15,2025,,2025-08-15,2025-09-13,True,False,30,2,30,2,True,True,True,,
DAMUSDT,2025-08-18,2025,2026-04-29,2025-08-18,2025-09-16,True,False,30,2,30,2,True,True,True,,
CUDISUSDT,2025-08-20,2025,2026-01-30,2025-08-20,2025-09-18,True,False,30,2,30,2,True,True,True,,
SAPIENUSDT,2025-08-20,2025,,2025-08-20,2025-09-18,True,False,30,2,30,2,True,True,True,,
XPLUSDT,2025-08-22,2025,,2025-08-22,2025-09-20,True,False,30,2,30,2,True,True,True,,
WLFIUSDT,2025-08-23,2025,,2025-08-23,2025-09-21,True,False,30,2,30,2,True,True,True,,
SOMIUSDT,2025-08-25,2025,,2025-08-25,2025-09-23,True,False,30,2,30,2,True,True,True,,
BASUSDT,2025-08-26,2025,,2025-08-26,2025-09-24,True,False,30,2,30,2,True,True,True,,
BTRUSDT,2025-08-27,2025,,2025-08-27,2025-09-25,True,False,30,2,30,2,True,True,True,,
MITOUSDT,2025-08-28,2025,,2025-08-28,2025-09-26,True,False,30,2,30,2,True,True,True,,
HEMIUSDT,2025-08-29,2025,,2025-08-29,2025-09-27,True,False,30,2,30,2,True,True,True,,
LINEAUSDT,2025-09-01,2025,,2025-09-01,2025-09-30,True,False,30,1,30,1,True,True,True,,
QUSDT,2025-09-02,2025,,2025-09-02,2025-10-01,True,False,30,2,30,2,True,True,True,,
ARIAUSDT,2025-09-03,2025,,2025-09-03,2025-10-02,True,False,30,2,30,2,True,True,True,,
PTBUSDT,2025-09-03,2025,,2025-09-03,2025-10-02,True,False,30,2,30,2,True,True,True,,
TAKEUSDT,2025-09-03,2025,,2025-09-03,2025-10-02,True,False,30,2,30,2,True,True,True,,
OPENUSDT,2025-09-08,2025,,2025-09-08,2025-10-07,True,False,30,2,30,2,True,True,True,,
AVNTUSDT,2025-09-09,2025,,2025-09-09,2025-10-08,True,False,30,2,30,2,True,True,True,,
FLOCKUSDT,2025-09-09,2025,,2025-09-09,2025-10-08,True,False,30,2,30,2,True,True,True,,
SKYUSDT,2025-09-09,2025,,2025-09-09,2025-10-08,True,False,30,2,30,2,True,True,True,,
HOLOUSDT,2025-09-11,2025,,2025-09-11,2025-10-10,True,False,30,2,30,2,True,True,True,,
UBUSDT,2025-09-12,2025,,2025-09-12,2025-10-11,True,False,30,2,29,2,False,True,False,2025-10-05,
XPINUSDT,2025-09-12,2025,,2025-09-12,2025-10-11,True,False,30,2,30,2,True,True,True,,
ZKCUSDT,2025-09-15,2025,,2025-09-15,2025-10-14,True,False,30,2,30,2,True,True,True,,
0GUSDT,2025-09-17,2025,,2025-09-17,2025-10-16,True,False,30,2,30,2,True,True,True,,
STBLUSDT,2025-09-17,2025,,2025-09-17,2025-10-16,True,False,30,2,30,2,True,True,True,,
TOSHIUSDT,2025-09-17,2025,,2025-09-17,2025-10-16,True,False,30,2,30,2,True,True,True,,
BARDUSDT,2025-09-18,2025,,2025-09-18,2025-10-17,True,False,30,2,30,2,True,True,True,,
ASTERUSDT,2025-09-19,2025,,2025-09-19,2025-10-18,True,False,30,2,30,2,True,True,True,,
TRADOORUSDT,2025-09-19,2025,,2025-09-19,2025-10-18,True,False,30,2,30,2,True,True,True,,
BLESSUSDT,2025-09-23,2025,,2025-09-23,2025-10-22,True,False,30,2,30,2,True,True,True,,
FLUIDUSDT,2025-09-24,2025,,2025-09-24,2025-10-23,True,False,30,2,30,2,True,True,True,,
COAIUSDT,2025-09-25,2025,,2025-09-25,2025-10-24,True,False,30,2,30,2,True,True,True,,
AKEUSDT,2025-09-26,2025,,2025-09-26,2025-10-25,True,False,30,2,30,2,True,True,True,,
HANAUSDT,2025-09-26,2025,,2025-09-26,2025-10-25,True,False,30,2,30,2,True,True,True,,
MIRAUSDT,2025-09-26,2025,,2025-09-26,2025-10-25,True,False,30,2,30,2,True,True,True,,
ORDERUSDT,2025-09-26,2025,,2025-09-26,2025-10-25,True,False,30,2,30,2,True,True,True,,
LIGHTUSDT,2025-09-27,2025,,2025-09-27,2025-10-26,True,False,30,2,30,2,True,True,True,,
FFUSDT,2025-09-29,2025,,2025-09-29,2025-10-28,True,False,30,2,30,2,True,True,True,,
XANUSDT,2025-09-29,2025,,2025-09-29,2025-10-28,True,False,30,2,30,2,True,True,True,,
EDENUSDT,2025-09-30,2025,,2025-09-30,2025-10-29,True,False,30,2,30,2,True,True,True,,
VFYUSDT,2025-09-30,2025,2026-03-17,2025-09-30,2025-10-29,True,False,30,2,30,2,True,True,True,,
NOMUSDT,2025-10-01,2025,,2025-10-01,2025-10-30,True,False,30,1,29,1,False,True,False,2025-10-05,
TRUTHUSDT,2025-10-01,2025,,2025-10-01,2025-10-30,True,False,30,1,30,1,True,True,True,,
2ZUSDT,2025-10-02,2025,,2025-10-02,2025-10-31,True,False,30,1,30,1,True,True,True,,
EVAAUSDT,2025-10-03,2025,,2025-10-03,2025-11-01,True,False,30,2,30,2,True,True,True,,
LYNUSDT,2025-10-06,2025,,2025-10-06,2025-11-04,True,False,30,2,30,2,True,True,True,,
KGENUSDT,2025-10-07,2025,,2025-10-07,2025-11-05,True,False,30,2,30,2,True,True,True,,
4USDT,2025-10-08,2025,,2025-10-08,2025-11-06,True,False,30,2,30,2,True,True,True,,
GIGGLEUSDT,2025-10-09,2025,,2025-10-09,2025-11-07,True,False,30,2,30,2,True,True,True,,
MONUSDT,2025-10-10,2025,,2025-10-10,2025-11-08,True,False,30,2,30,2,True,True,True,,
YBUSDT,2025-10-10,2025,,2025-10-10,2025-11-08,True,False,30,2,30,2,True,True,True,,
METUSDT,2025-10-11,2025,,2025-10-11,2025-11-09,True,False,30,2,30,2,True,True,True,,
EULUSDT,2025-10-13,2025,,2025-10-13,2025-11-11,True,False,30,2,30,2,True,True,True,,
CLOUSDT,2025-10-14,2025,,2025-10-14,2025-11-12,True,False,30,2,30,2,True,True,True,,
ENSOUSDT,2025-10-14,2025,,2025-10-14,2025-11-12,True,False,30,2,30,2,True,True,True,,
RECALLUSDT,2025-10-15,2025,,2025-10-15,2025-11-13,True,False,30,2,30,2,True,True,True,,
LABUSDT,2025-10-17,2025,,2025-10-17,2025-11-15,True,False,30,2,30,2,True,True,True,,
RIVERUSDT,2025-10-17,2025,,2025-10-17,2025-11-15,True,False,30,2,30,2,True,True,True,,
ZBTUSDT,2025-10-17,2025,,2025-10-17,2025-11-15,True,False,30,2,30,2,True,True,True,,
RVVUSDT,2025-10-18,2025,2026-02-10,2025-10-18,2025-11-16,True,False,30,2,30,2,True,True,True,,
币安人生USDT,2025-10-20,2025,,2025-10-20,2025-11-18,True,False,30,2,30,2,True,True,True,,
BLUAIUSDT,2025-10-21,2025,,2025-10-21,2025-11-19,True,False,30,2,30,2,True,True,True,,
TURTLEUSDT,2025-10-22,2025,,2025-10-22,2025-11-20,True,False,30,2,30,2,True,True,True,,
APRUSDT,2025-10-23,2025,,2025-10-23,2025-11-21,True,False,30,2,30,2,True,True,True,,
ONUSDT,2025-10-24,2025,,2025-10-24,2025-11-22,True,False,30,2,30,2,True,True,True,,
42USDT,2025-10-27,2025,2026-01-30,2025-10-27,2025-11-25,True,False,30,2,30,2,True,True,True,,
COMMONUSDT,2025-10-27,2025,2026-01-30,2025-10-27,2025-11-25,True,False,30,2,30,2,True,True,True,,
ATUSDT,2025-10-29,2025,,2025-10-29,2025-11-27,True,False,30,2,30,2,True,True,True,,
KITEUSDT,2025-10-29,2025,,2025-10-29,2025-11-27,True,False,30,2,30,2,True,True,True,,
CCUSDT,2025-10-31,2025,,2025-10-31,2025-11-29,True,False,30,2,30,2,True,True,True,,
MMTUSDT,2025-11-04,2025,,2025-11-04,2025-12-03,True,False,30,2,30,2,True,True,True,,
TRUSTUSDT,2025-11-05,2025,,2025-11-05,2025-12-04,True,False,30,2,30,2,True,True,True,,
FOLKSUSDT,2025-11-06,2025,,2025-11-06,2025-12-05,True,False,30,2,30,2,True,True,True,,
STABLEUSDT,2025-11-06,2025,,2025-11-06,2025-12-05,True,False,30,2,30,2,True,True,True,,
UAIUSDT,2025-11-06,2025,,2025-11-06,2025-12-05,True,False,30,2,30,2,True,True,True,,
JCTUSDT,2025-11-10,2025,,2025-11-10,2025-12-09,True,False,30,2,30,2,True,True,True,,
ALLOUSDT,2025-11-11,2025,,2025-11-11,2025-12-10,True,False,30,2,30,2,True,True,True,,
BEATUSDT,2025-11-12,2025,,2025-11-12,2025-12-11,True,False,30,2,30,2,True,True,True,,
CLANKERUSDT,2025-11-12,2025,,2025-11-12,2025-12-11,True,False,30,2,30,2,True,True,True,,
PIEVERSEUSDT,2025-11-14,2025,,2025-11-14,2025-12-13,True,False,30,2,30,2,True,True,True,,
SENTUSDT,2025-11-14,2025,,2025-11-14,2025-12-13,True,False,30,2,30,2,True,True,True,,
BOBUSDT,2025-11-21,2025,2026-04-28,2025-11-21,2025-12-20,True,False,30,2,30,2,True,True,True,,
IRYSUSDT,2025-11-26,2025,,2025-11-26,2025-12-25,True,False,30,2,30,2,True,True,True,,
RLSUSDT,2025-12-02,2025,2026-04-08,2025-12-02,2025-12-31,True,False,30,1,30,1,True,True,True,,
POWERUSDT,2025-12-06,2025,,2025-12-06,2026-01-04,True,False,30,2,30,2,True,True,True,,
NIGHTUSDT,2025-12-10,2025,,2025-12-10,2026-01-08,True,False,30,2,30,2,True,True,True,,
WETUSDT,2025-12-10,2025,,2025-12-10,2026-01-08,True,False,30,2,30,2,True,True,True,,
CYSUSDT,2025-12-12,2025,,2025-12-12,2026-01-10,True,False,30,2,30,2,True,True,True,,
USUSDT,2025-12-12,2025,,2025-12-12,2026-01-10,True,False,30,2,30,2,True,True,True,,
RAVEUSDT,2025-12-14,2025,,2025-12-14,2026-01-12,True,False,30,2,30,2,True,True,True,,
GUAUSDT,2025-12-21,2025,,2025-12-21,2026-01-19,True,False,30,2,30,2,True,True,True,,
IRUSDT,2025-12-21,2025,2026-04-29,2025-12-21,2026-01-19,True,False,30,2,30,2,True,True,True,,
ZKPUSDT,2025-12-21,2025,,2025-12-21,2026-01-19,True,False,30,2,30,2,True,True,True,,
LITUSDT,2025-12-23,2025,,2025-12-23,2026-01-21,True,False,30,2,30,2,True,True,True,,
BREVUSDT,2025-12-30,2025,,2025-12-30,2026-01-28,True,False,30,2,30,2,True,True,True,,
COLLECTUSDT,2025-12-31,2025,,2025-12-31,2026-01-29,True,False,30,2,30,2,True,True,True,,
MAGMAUSDT,2025-12-31,2025,,2025-12-31,2026-01-29,True,False,30,2,30,2,True,True,True,,
ZAMAUSDT,2026-01-09,2026,,2026-01-09,2026-02-07,True,False,30,2,30,2,True,True,True,,
FOGOUSDT,2026-01-10,2026,,2026-01-10,2026-02-08,True,False,30,2,30,2,True,True,True,,
FRAXUSDT,2026-01-15,2026,,2026-01-15,2026-02-13,True,False,30,2,30,2,True,True,True,,
SPORTFUNUSDT,2026-01-16,2026,,2026-01-16,2026-02-14,True,False,30,2,30,2,True,True,True,,
AIAUSDT,2026-01-20,2026,,2026-01-20,2026-02-18,True,False,30,2,30,2,True,True,True,,
ACUUSDT,2026-01-21,2026,,2026-01-21,2026-02-19,True,False,30,2,30,2,True,True,True,,
我踏马来了USDT,2026-01-21,2026,,2026-01-21,2026-02-19,True,False,30,2,30,2,True,True,True,,
ELSAUSDT,2026-01-22,2026,,2026-01-22,2026-02-20,True,False,30,2,30,2,True,True,True,,
SKRUSDT,2026-01-22,2026,,2026-01-22,2026-02-20,True,False,30,2,30,2,True,True,True,,
FIGHTUSDT,2026-01-23,2026,,2026-01-23,2026-02-21,True,False,30,2,30,2,True,True,True,,
SPACEUSDT,2026-01-23,2026,,2026-01-23,2026-02-21,True,False,30,2,30,2,True,True,True,,
BIRBUSDT,2026-01-29,2026,,2026-01-29,2026-02-27,True,False,30,2,30,2,True,True,True,,
GWEIUSDT,2026-01-29,2026,,2026-01-29,2026-02-27,True,False,30,2,30,2,True,True,True,,
INXUSDT,2026-01-30,2026,,2026-01-30,2026-02-28,True,False,30,2,30,2,True,True,True,,
MEGAUSDT,2026-01-30,2026,,2026-01-30,2026-02-28,True,False,30,2,30,2,True,True,True,,
TRIAUSDT,2026-02-06,2026,,2026-02-06,2026-03-07,True,False,30,2,30,2,True,True,True,,
ESPUSDT,2026-02-10,2026,,2026-02-10,2026-03-11,True,False,30,2,30,2,True,True,True,,
AZTECUSDT,2026-02-11,2026,,2026-02-11,2026-03-12,True,False,30,2,30,2,True,True,True,,
OPNUSDT,2026-02-21,2026,,2026-02-21,2026-03-22,True,False,30,2,30,2,True,True,True,,
ROBOUSDT,2026-02-27,2026,,2026-02-27,2026-03-28,True,False,30,2,30,2,True,True,True,,
KATUSDT,2026-03-02,2026,,2026-03-02,2026-03-31,True,False,30,1,30,1,True,True,True,,
MANTRAUSDT,2026-03-04,2026,,2026-03-04,2026-04-02,True,False,30,2,30,2,True,True,True,,
龙虾USDT,2026-03-11,2026,,2026-03-11,2026-04-09,True,False,30,2,30,2,True,True,True,,
CFGUSDT,2026-03-16,2026,,2026-03-16,2026-04-14,True,False,30,2,30,2,True,True,True,,
EDGEUSDT,2026-03-19,2026,,2026-03-19,2026-04-17,True,False,30,2,30,2,True,True,True,,
BSBUSDT,2026-03-25,2026,,2026-03-25,2026-04-23,True,False,30,2,30,2,True,True,True,,
XAUTUSDT,2026-03-26,2026,,2026-03-26,2026-04-24,True,False,30,2,30,2,True,True,True,,
BASEDUSDT,2026-03-30,2026,,2026-03-30,2026-04-28,True,False,30,2,30,2,True,True,True,,
PRLUSDT,2026-04-01,2026,,2026-04-01,2026-04-30,True,False,30,1,30,1,True,True,True,,
CHIPUSDT,2026-04-16,2026,,2026-04-16,2026-05-15,True,False,30,2,30,2,True,True,True,,
GENIUSUSDT,2026-04-16,2026,,2026-04-16,2026-05-15,True,False,30,2,30,2,True,True,True,,
OPGUSDT,2026-04-22,2026,,2026-04-22,2026-05-21,True,False,30,2,30,2,True,True,True,,
AIGENSYNUSDT,2026-04-29,2026,,2026-04-29,2026-05-28,True,False,30,2,30,2,True,True,True,,
BILLUSDT,2026-05-07,2026,,2026-05-07,2026-06-05,True,False,30,2,30,1,True,False,False,,2026-06
PHAROSUSDT,2026-05-14,2026,,2026-05-14,2026-06-12,False,False,0,0,0,0,False,False,False,,
STARUSDT,2026-05-14,2026,,2026-05-14,2026-06-12,False,False,0,0,0,0,False,False,False,,
CTRUSDT,2026-05-28,2026,,2026-05-28,2026-06-26,False,False,0,0,0,0,False,False,False,,
SLXUSDT,2026-06-01,2026,,2026-06-01,2026-06-30,False,False,0,0,0,0,False,False,False,,
BTWUSDT,2026-06-04,2026,,2026-06-04,2026-07-03,False,False,0,0,0,0,False,False,False,,
ZESTUSDT,2026-06-04,2026,,2026-06-04,2026-07-03,False,False,0,0,0,0,False,False,False,,
